日期,92無鉛汽油,95無鉛汽油,98無鉛汽油,超級柴油
2005/01/02 ~ 2005/01/08,22.01,22.68,24.10,17.89
2005/01/09 ~ 2005/01/15,22.02,22.70,24.14,17.91
2005/01/16 ~ 2005/01/22,21.97,22.66,24.08,17.88
2005/01/23 ~ 2005/01/29,21.97,22.65,24.07,17.89
2005/01/30 ~ 2005/02/05,22.01,22.69,24.13,17.89
2005/02/06 ~ 2005/02/12,21.96,22.65,24.06,17.87
2005/02/13 ~ 2005/02/19,21.97,22.65,24.08,17.89
2005/02/20 ~ 2005/02/26,22.01,22.69,24.11,17.88
2005/02/27 ~ 2005/03/05,22.01,22.69,24.11,17.89
2005/03/06 ~ 2005/03/12,22.07,22.75,24.19,17.96
2005/03/13 ~ 2005/03/19,23.01,23.69,25.13,18.91
2005/03/20 ~ 2005/03/26,23.01,23.70,25.13,18.89
2005/03/27 ~ 2005/04/02,23.04,23.73,25.15,18.90
2005/04/03 ~ 2005/04/09,23.01,23.70,25.12,18.90
2005/04/10 ~ 2005/04/16,22.98,23.67,25.09,18.89
2005/04/17 ~ 2005/04/23,23.05,23.73,25.17,18.89
2005/04/24 ~ 2005/04/30,23.03,23.72,25.13,18.89
2005/05/01 ~ 2005/05/07,22.98,23.67,25.09,18.88
2005/05/08 ~ 2005/05/14,22.98,23.67,25.09,18.88
2005/05/15 ~ 2005/05/21,23.02,23.70,25.12,18.90
2005/05/22 ~ 2005/05/28,22.94,23.64,25.05,18.87
2005/05/29 ~ 2005/06/04,23.02,23.71,25.15,18.88
2005/06/05 ~ 2005/06/11,23.01,23.70,25.12,18.88
2005/06/12 ~ 2005/06/18,22.94,23.63,25.05,18.87
2005/06/19 ~ 2005/06/25,22.99,23.68,25.13,18.89
2005/06/26 ~ 2005/07/02,22.98,23.67,25.09,18.88
2005/07/03 ~ 2005/07/09,23.00,23.69,25.10,18.89
2005/07/10 ~ 2005/07/16,22.97,23.66,25.08,18.89
2005/07/17 ~ 2005/07/23,22.99,23.68,25.09,18.88
2005/07/24 ~ 2005/07/30,23.01,23.70,25.12,18.91
2005/07/31 ~ 2005/08/06,23.17,23.85,25.28,19.06
2005/08/07 ~ 2005/08/13,24.47,25.16,26.59,20.36
2005/08/14 ~ 2005/08/20,24.51,25.19,26.63,20.37
2005/08/21 ~ 2005/08/27,24.49,25.18,26.62,20.37
2005/08/28 ~ 2005/09/03,24.44,25.14,26.58,20.38
2005/09/04 ~ 2005/09/10,24.64,25.31,26.77,20.48
2005/09/11 ~ 2005/09/17,24.61,25.28,26.75,20.48
2005/09/18 ~ 2005/09/24,24.95,25.61,27.11,20.76
2005/09/25 ~ 2005/10/01,25.10,25.74,27.28,20.82
2005/10/02 ~ 2005/10/08,24.58,25.26,26.73,20.60
2005/10/09 ~ 2005/10/15,24.50,25.18,26.64,20.51
2005/10/16 ~ 2005/10/22,24.55,25.22,26.67,20.56
2005/10/23 ~ 2005/10/29,23.63,24.31,25.75,20.62
2005/10/30 ~ 2005/11/05,23.56,24.25,25.69,20.49
2005/11/06 ~ 2005/11/12,23.57,24.27,25.69,20.53
2005/11/13 ~ 2005/11/19,23.71,24.39,25.75,20.52
2005/11/20 ~ 2005/11/26,23.60,24.28,25.71,20.34
2005/11/27 ~ 2005/12/03,23.64,24.31,25.74,20.28
2005/12/04 ~ 2005/12/10,23.68,24.36,25.81,20.39
2005/12/11 ~ 2005/12/17,23.69,24.36,25.78,20.36
2005/12/18 ~ 2005/12/24,23.64,24.32,25.77,20.35
2005/12/25 ~ 2005/12/31,23.70,24.37,25.79,20.40
2006/01/01 ~ 2006/01/07,23.70,24.37,25.84,20.40
2006/01/08 ~ 2006/01/14,23.59,24.27,25.69,20.40
2006/01/15 ~ 2006/01/21,23.65,24.32,25.78,20.35
2006/01/22 ~ 2006/01/28,23.70,24.37,25.81,20.40
2006/01/29 ~ 2006/02/04,23.73,24.40,25.85,20.42
2006/02/05 ~ 2006/02/11,23.76,24.42,25.88,20.41
2006/02/12 ~ 2006/02/18,24.55,25.23,26.67,21.22
2006/02/19 ~ 2006/02/25,24.73,25.40,26.86,21.35
2006/02/26 ~ 2006/03/04,24.73,25.40,26.86,21.38
2006/03/05 ~ 2006/03/11,24.74,25.41,26.89,21.38
2006/03/12 ~ 2006/03/18,24.75,25.42,26.87,21.40
2006/03/19 ~ 2006/03/25,24.74,25.41,26.87,21.37
2006/03/26 ~ 2006/04/01,24.73,25.40,26.87,21.40
2006/04/02 ~ 2006/04/08,24.78,25.48,26.89,21.45
2006/04/09 ~ 2006/04/15,24.74,25.42,26.88,21.39
2006/04/16 ~ 2006/04/22,25.85,26.66,27.99,22.62
2006/04/23 ~ 2006/04/29,26.69,27.44,28.91,23.40
2006/04/30 ~ 2006/05/06,26.67,27.45,28.77,23.42
2006/05/07 ~ 2006/05/13,26.67,27.45,28.77,23.42
2006/05/14 ~ 2006/05/20,26.67,27.45,28.78,23.41
2006/05/21 ~ 2006/05/27,26.68,27.45,28.75,23.41
2006/05/28 ~ 2006/06/03,26.66,27.44,28.72,23.41
2006/06/04 ~ 2006/06/10,26.70,27.44,28.72,23.40
2006/06/11 ~ 2006/06/17,26.74,27.40,28.87,23.37
2006/06/18 ~ 2006/06/24,26.74,27.42,28.87,23.38
2006/06/25 ~ 2006/07/01,26.76,27.42,28.89,23.40
2006/07/02 ~ 2006/07/08,26.77,27.43,28.90,23.39
2006/07/09 ~ 2006/07/15,27.53,28.21,29.65,24.16
2006/07/16 ~ 2006/07/22,27.76,28.42,29.90,24.39
2006/07/23 ~ 2006/07/29,27.77,28.43,29.91,24.39
2006/07/30 ~ 2006/08/05,27.75,28.40,29.90,24.38
2006/08/06 ~ 2006/08/12,27.74,28.40,29.85,24.37
2006/08/13 ~ 2006/08/19,27.71,28.37,29.84,24.38
2006/08/20 ~ 2006/08/26,27.72,28.38,29.85,24.38
2006/08/27 ~ 2006/09/02,27.73,28.39,29.86,24.37
2006/09/03 ~ 2006/09/09,27.70,28.36,29.84,24.37
2006/09/10 ~ 2006/09/16,27.51,28.17,29.68,24.22
2006/09/17 ~ 2006/09/23,27.21,27.89,29.35,24.08
2006/09/24 ~ 2006/09/30,26.35,27.03,28.51,23.18
2006/10/01 ~ 2006/10/07,26.33,27.00,28.48,23.19
2006/10/08 ~ 2006/10/14,26.13,26.80,28.28,22.98
2006/10/15 ~ 2006/10/21,26.17,26.83,28.34,22.99
2006/10/22 ~ 2006/10/28,25.65,26.31,27.81,22.43
2006/10/29 ~ 2006/11/04,25.50,26.19,27.63,22.28
2006/11/05 ~ 2006/11/11,26.00,26.68,28.13,22.77
2006/11/12 ~ 2006/11/18,25.84,26.51,28.00,22.57
2006/11/19 ~ 2006/11/25,25.24,25.93,27.39,21.98
2006/11/26 ~ 2006/12/02,26.36,27.03,28.51,23.18
2006/12/03 ~ 2006/12/09,26.81,27.48,28.97,23.65
2006/12/10 ~ 2006/12/16,26.60,27.27,28.77,23.40
2006/12/17 ~ 2006/12/23,26.83,27.49,28.97,23.58
2006/12/24 ~ 2006/12/30,26.72,27.39,28.88,23.57
2006/12/31 ~ 2007/01/06,26.38,27.05,28.53,23.29
2007/01/07 ~ 2007/01/13,25.25,25.94,27.40,22.19
2007/01/14 ~ 2007/01/20,24.69,25.37,26.85,21.52
2007/01/21 ~ 2007/01/27,24.22,24.90,26.39,20.99
2007/01/28 ~ 2007/02/03,24.88,25.55,27.04,21.69
2007/02/04 ~ 2007/02/10,25.87,26.55,28.03,22.80
2007/02/11 ~ 2007/02/17,25.68,26.35,27.83,22.59
2007/02/18 ~ 2007/02/24,25.64,26.31,27.80,22.57
2007/02/25 ~ 2007/03/03,26.45,27.12,28.61,23.37
2007/03/04 ~ 2007/03/10,26.16,26.84,28.32,23.09
2007/03/11 ~ 2007/03/17,25.98,26.65,28.17,22.90
2007/03/18 ~ 2007/03/24,25.48,26.14,27.63,22.28
2007/03/25 ~ 2007/03/31,26.72,27.41,28.88,23.78
2007/04/01 ~ 2007/04/07,27.13,27.80,29.35,24.52
2007/04/08 ~ 2007/04/14,26.16,26.83,28.39,23.48
2007/04/15 ~ 2007/04/21,26.69,27.35,28.92,23.90
2007/04/22 ~ 2007/04/28,27.19,27.85,29.42,24.49
2007/04/29 ~ 2007/05/05,27.19,27.86,29.43,24.47
2007/05/06 ~ 2007/05/12,26.16,26.84,28.42,23.47
2007/05/13 ~ 2007/05/19,26.43,27.11,28.66,23.66
2007/05/20 ~ 2007/05/26,27.27,27.95,29.52,24.59
2007/05/27 ~ 2007/06/02,26.97,27.63,29.19,24.29
2007/06/03 ~ 2007/06/09,27.19,27.86,29.43,24.56
2007/06/10 ~ 2007/06/16,27.13,27.79,29.37,24.45
2007/06/17 ~ 2007/06/23,27.68,28.35,29.92,25.15
2007/06/24 ~ 2007/06/30,27.71,28.39,29.95,25.17
2007/07/01 ~ 2007/07/07,28.17,28.83,30.41,25.70
2007/07/08 ~ 2007/07/14,28.45,29.12,30.68,25.88
2007/07/15 ~ 2007/07/21,28.77,29.44,31.04,26.25
2007/07/22 ~ 2007/07/28,28.84,29.52,31.10,26.46
2007/07/29 ~ 2007/08/04,28.89,29.56,31.16,26.45
2007/08/05 ~ 2007/08/11,28.93,29.59,31.16,26.45
2007/08/12 ~ 2007/08/18,28.17,28.85,30.40,25.73
2007/08/19 ~ 2007/08/25,28.19,28.85,30.42,25.73
2007/08/26 ~ 2007/09/01,28.11,28.79,30.39,25.68
2007/09/02 ~ 2007/09/08,27.59,28.26,29.85,25.04
2007/09/09 ~ 2007/09/15,27.59,28.26,29.83,25.03
2007/09/16 ~ 2007/09/22,27.60,28.26,29.81,25.04
2007/09/23 ~ 2007/09/29,27.60,28.28,29.83,25.05
2007/09/30 ~ 2007/10/06,28.92,29.59,31.19,26.45
2007/10/07 ~ 2007/10/13,29.04,29.62,31.20,26.44
2007/10/14 ~ 2007/10/20,28.94,29.61,31.19,26.46
2007/10/21 ~ 2007/10/27,28.90,29.57,31.14,26.42
2007/10/28 ~ 2007/11/03,28.95,29.62,31.19,26.48
2007/11/04 ~ 2007/11/10,29.78,30.46,32.01,27.36
2007/11/11 ~ 2007/11/17,29.79,30.47,32.05,27.35
2007/11/18 ~ 2007/11/24,29.88,30.55,32.12,27.38
2007/11/25 ~ 2007/12/01,29.84,30.51,32.11,27.38
2007/12/02 ~ 2007/12/08,29.79,30.46,32.06,27.38
2007/12/09 ~ 2007/12/15,29.81,30.48,32.06,27.36
2007/12/16 ~ 2007/12/22,29.83,30.50,32.09,27.37
2007/12/23 ~ 2007/12/29,29.80,30.46,32.07,27.35
2007/12/30 ~ 2008/01/05,29.81,30.49,32.08,27.37
2008/01/06 ~ 2008/01/12,29.85,30.52,32.11,27.37
2008/01/13 ~ 2008/01/19,29.80,30.48,32.07,27.36
2008/01/20 ~ 2008/01/26,29.85,30.52,32.11,27.38
2008/01/27 ~ 2008/02/02,29.81,30.48,32.06,27.37
2008/02/03 ~ 2008/02/09,29.86,30.53,32.12,27.39
2008/02/10 ~ 2008/02/16,29.79,30.46,32.08,27.37
2008/02/17 ~ 2008/02/23,29.82,30.49,32.08,27.37
2008/02/24 ~ 2008/03/01,29.82,30.49,32.06,27.36
2008/03/02 ~ 2008/03/08,29.85,30.52,32.11,27.38
2008/03/09 ~ 2008/03/15,29.76,30.44,31.97,27.37
2008/03/16 ~ 2008/03/22,29.84,30.51,32.09,27.37
2008/03/23 ~ 2008/03/29,30.21,30.86,32.51,27.78
2008/03/30 ~ 2008/04/05,30.83,31.46,33.19,28.43
2008/04/06 ~ 2008/04/12,30.45,31.09,32.79,28.01
2008/04/13 ~ 2008/04/19,30.44,31.08,32.81,28.05
2008/04/20 ~ 2008/04/26,30.48,31.12,32.88,28.04
2008/04/27 ~ 2008/05/03,30.41,31.05,32.75,27.99
2008/05/04 ~ 2008/05/10,30.46,31.11,32.81,28.04
2008/05/11 ~ 2008/05/17,30.42,31.06,32.81,27.99
2008/05/18 ~ 2008/05/24,30.38,31.04,32.70,27.98
2008/05/25 ~ 2008/05/31,32.36,33.10,34.54,30.30
2008/06/01 ~ 2008/06/07,33.70,34.38,35.97,31.78
2008/06/08 ~ 2008/06/14,33.69,34.36,35.98,31.75
2008/06/15 ~ 2008/06/21,33.74,34.41,36.01,31.76
2008/06/22 ~ 2008/06/28,33.65,34.33,35.91,31.74
2008/06/29 ~ 2008/07/05,34.41,35.12,36.64,32.59
2008/07/06 ~ 2008/07/12,35.18,35.85,37.40,33.37
2008/07/13 ~ 2008/07/19,35.16,35.83,37.43,33.36
2008/07/20 ~ 2008/07/26,35.20,35.86,37.45,33.36
2008/07/27 ~ 2008/08/02,35.19,35.86,37.44,33.35
2008/08/03 ~ 2008/08/09,35.15,35.83,37.39,33.32
2008/08/10 ~ 2008/08/16,33.18,33.85,35.45,31.26
2008/08/17 ~ 2008/08/23,32.30,32.97,34.53,30.28
2008/08/24 ~ 2008/08/30,32.08,32.75,34.33,30.08
2008/08/31 ~ 2008/09/06,32.53,33.21,34.81,30.54
2008/09/07 ~ 2008/09/13,31.72,32.39,33.96,29.60
2008/09/14 ~ 2008/09/20,30.41,31.09,32.65,28.19
2008/09/21 ~ 2008/09/27,28.81,29.49,31.07,26.45
2008/09/28 ~ 2008/10/04,29.86,30.54,32.11,27.69
2008/10/05 ~ 2008/10/11,29.30,29.97,31.58,27.97
2008/10/12 ~ 2008/10/18,27.00,27.68,29.24,24.50
2008/10/19 ~ 2008/10/25,25.01,25.69,27.28,22.31
2008/10/26 ~ 2008/11/01,23.55,24.25,25.82,20.81
2008/11/02 ~ 2008/11/08,22.89,23.56,25.11,20.03
2008/11/09 ~ 2008/11/15,22.80,23.48,25.02,19.93
2008/11/16 ~ 2008/11/22,21.51,22.20,23.78,18.54
2008/11/23 ~ 2008/11/29,20.57,21.24,22.82,17.43
2008/11/30 ~ 2008/12/06,20.44,21.13,22.67,17.34
2008/12/07 ~ 2008/12/13,20.33,21.02,22.57,17.23
2008/12/14 ~ 2008/12/20,19.96,20.65,22.20,16.85
2008/12/21 ~ 2008/12/27,20.64,21.32,22.91,17.52
2008/12/28 ~ 2009/01/03,20.28,20.96,22.51,17.09
2009/01/04 ~ 2009/01/10,20.17,20.86,22.43,17.01
2009/01/11 ~ 2009/01/17,22.05,22.73,24.30,19.50
2009/01/18 ~ 2009/01/24,22.04,22.73,24.28,19.31
2009/01/25 ~ 2009/01/31,21.95,22.64,24.19,19.29
2009/02/01 ~ 2009/02/07,21.91,22.60,24.16,19.28
2009/02/08 ~ 2009/02/14,22.28,22.96,24.53,19.42
2009/02/15 ~ 2009/02/21,22.67,23.35,24.89,19.93
2009/02/22 ~ 2009/02/28,22.45,23.13,24.69,19.60
2009/03/01 ~ 2009/03/07,22.42,23.10,24.68,19.61
2009/03/08 ~ 2009/03/14,22.93,23.61,25.18,20.19
2009/03/15 ~ 2009/03/21,22.84,23.52,25.07,20.12
2009/03/22 ~ 2009/03/28,23.15,23.83,25.38,20.40
2009/03/29 ~ 2009/04/04,24.26,24.94,26.45,21.62
2009/04/05 ~ 2009/04/11,24.05,24.74,26.27,21.31
2009/04/12 ~ 2009/04/18,24.65,25.33,26.88,22.00
2009/04/19 ~ 2009/04/25,24.75,25.44,27.03,22.11
2009/04/26 ~ 2009/05/02,24.44,25.12,26.71,21.61
2009/05/03 ~ 2009/05/09,24.37,25.07,26.62,21.50
2009/05/10 ~ 2009/05/16,25.26,25.94,27.52,22.49
2009/05/17 ~ 2009/05/23,25.82,26.50,28.08,23.08
2009/05/24 ~ 2009/05/30,25.89,26.57,28.18,23.25
2009/05/31 ~ 2009/06/06,26.34,27.03,28.62,23.47
2009/06/07 ~ 2009/06/13,26.82,27.49,29.06,23.80
2009/06/14 ~ 2009/06/20,27.09,27.78,29.35,23.98
2009/06/21 ~ 2009/06/27,27.81,28.48,30.07,24.88
2009/06/28 ~ 2009/07/04,28.09,28.77,30.33,25.37
2009/07/05 ~ 2009/07/11,28.37,29.04,30.65,25.95
2009/07/12 ~ 2009/07/18,27.22,27.91,29.51,24.69
2009/07/19 ~ 2009/07/25,26.83,27.51,29.12,24.18
2009/07/26 ~ 2009/08/01,27.43,28.11,29.67,24.90
2009/08/02 ~ 2009/08/08,28.09,28.75,30.35,25.55
2009/08/09 ~ 2009/08/15,28.12,28.78,30.38,25.56
2009/08/16 ~ 2009/08/22,28.12,28.79,30.38,25.56
2009/08/23 ~ 2009/08/29,28.30,28.97,30.58,25.85
2009/08/30 ~ 2009/09/05,28.62,29.30,30.87,26.17
2009/09/06 ~ 2009/09/12,28.25,28.91,30.54,25.76
2009/09/13 ~ 2009/09/19,27.89,28.56,30.19,25.45
2009/09/20 ~ 2009/09/26,27.96,28.62,30.26,25.47
2009/09/27 ~ 2009/10/03,27.91,28.58,30.21,25.35
2009/10/04 ~ 2009/10/10,27.36,28.03,29.65,24.83
2009/10/11 ~ 2009/10/17,27.85,28.53,30.11,25.31
2009/10/18 ~ 2009/10/24,28.49,29.17,30.77,26.11
2009/10/25 ~ 2009/10/31,29.43,30.10,31.68,26.51
2009/11/01 ~ 2009/11/07,29.28,29.94,31.54,26.44
2009/11/08 ~ 2009/11/14,29.84,30.50,32.09,27.42
2009/11/15 ~ 2009/11/21,29.93,30.59,32.19,27.60
2009/11/22 ~ 2009/11/28,29.88,30.54,32.14,27.53
2009/11/29 ~ 2009/12/05,29.73,30.39,32.01,27.40
2009/12/06 ~ 2009/12/12,30.08,30.74,32.38,27.73
2009/12/13 ~ 2009/12/19,29.54,30.20,31.79,27.22
2009/12/20 ~ 2009/12/26,28.88,29.55,31.16,26.46
2009/12/27 ~ 2010/01/02,29.00,29.66,31.27,26.65
2010/01/03 ~ 2010/01/09,29.82,30.48,32.10,27.46
2010/01/10 ~ 2010/01/16,29.90,30.56,32.19,27.55
2010/01/17 ~ 2010/01/23,29.92,30.58,32.17,27.56
2010/01/24 ~ 2010/01/30,29.32,29.99,31.59,26.87
2010/01/31 ~ 2010/02/06,28.67,29.34,30.93,26.18
2010/02/07 ~ 2010/02/13,28.56,29.22,30.84,26.07
2010/02/14 ~ 2010/02/20,27.76,28.42,30.00,25.38
2010/02/21 ~ 2010/02/27,27.77,28.43,30.01,25.38
2010/02/28 ~ 2010/03/06,27.83,28.50,30.09,25.53
2010/03/07 ~ 2010/03/13,28.39,29.05,30.64,26.00
2010/03/14 ~ 2010/03/20,28.55,29.22,30.82,26.17
2010/03/21 ~ 2010/03/27,28.57,29.23,30.84,26.16
2010/03/28 ~ 2010/04/03,28.57,29.22,30.84,26.17
2010/04/04 ~ 2010/04/10,28.88,29.55,31.15,26.47
2010/04/11 ~ 2010/04/17,29.54,30.21,31.81,27.34
2010/04/18 ~ 2010/04/24,29.67,30.34,31.94,27.36
2010/04/25 ~ 2010/05/01,29.67,30.33,31.95,27.36
2010/05/02 ~ 2010/05/08,29.88,30.54,32.16,27.66
2010/05/09 ~ 2010/05/15,29.71,30.31,31.92,27.46
2010/05/16 ~ 2010/05/22,29.36,30.03,31.64,27.16
2010/05/23 ~ 2010/05/29,28.27,28.95,30.53,25.76
2010/05/30 ~ 2010/06/05,27.77,28.43,30.04,25.26
2010/06/06 ~ 2010/06/12,28.48,29.14,30.73,26.06
2010/06/13 ~ 2010/06/19,28.38,29.05,30.63,25.96
2010/06/20 ~ 2010/06/26,28.86,29.53,31.15,26.53
2010/06/27 ~ 2010/07/03,28.87,29.54,31.13,26.46
2010/07/04 ~ 2010/07/10,28.46,29.12,30.74,26.04
2010/07/11 ~ 2010/07/17,28.04,28.69,30.32,25.55
2010/07/18 ~ 2010/07/24,28.56,29.22,30.84,26.13
2010/07/25 ~ 2010/07/31,28.54,29.19,30.84,26.13
2010/08/01 ~ 2010/08/07,28.67,29.32,30.93,26.23
2010/08/08 ~ 2010/08/14,29.43,30.09,31.68,27.04
2010/08/15 ~ 2010/08/21,28.89,29.55,31.14,26.44
2010/08/22 ~ 2010/08/28,28.35,29.01,30.61,25.94
2010/08/29 ~ 2010/09/04,28.07,28.72,30.35,25.55
2010/09/05 ~ 2010/09/11,28.45,29.10,30.71,26.03
2010/09/12 ~ 2010/09/18,28.66,29.32,30.94,26.23
2010/09/19 ~ 2010/09/25,28.64,29.30,30.90,26.23
2010/09/26 ~ 2010/10/02,28.83,29.47,31.09,26.40
2010/10/03 ~ 2010/10/09,28.86,29.52,31.12,26.52
2010/10/10 ~ 2010/10/16,29.49,30.16,31.75,27.20
2010/10/17 ~ 2010/10/23,29.45,30.11,31.73,27.16
2010/10/24 ~ 2010/10/30,29.12,29.78,31.41,26.83
2010/10/31 ~ 2010/11/06,29.29,29.94,31.58,26.94
2010/11/07 ~ 2010/11/13,29.66,30.31,31.91,27.44
2010/11/14 ~ 2010/11/20,30.17,30.81,32.45,27.95
2010/11/21 ~ 2010/11/27,29.78,30.42,32.05,27.44
2010/11/28 ~ 2010/12/04,29.66,30.31,31.93,27.33
2010/12/05 ~ 2010/12/11,29.97,30.62,32.22,27.75
2010/12/12 ~ 2010/12/18,30.34,31.00,32.62,28.13
2010/12/19 ~ 2010/12/25,30.47,31.12,32.75,28.24
2010/12/26 ~ 2011/01/01,30.65,31.30,32.90,28.45
2011/01/02 ~ 2011/01/08,30.62,31.27,32.91,28.44
2011/01/09 ~ 2011/01/15,30.77,31.42,33.06,28.54
2011/01/16 ~ 2011/01/22,30.84,31.49,33.09,28.63
2011/01/23 ~ 2011/01/29,30.83,31.49,33.11,28.60
2011/01/30 ~ 2011/02/05,30.66,31.31,32.93,28.43
2011/02/06 ~ 2011/02/12,30.62,31.27,32.90,28.41
2011/02/13 ~ 2011/02/19,30.64,31.29,32.93,28.42
2011/02/20 ~ 2011/02/26,30.97,31.62,33.24,28.72
2011/02/27 ~ 2011/03/05,31.63,32.29,33.91,29.51
2011/03/06 ~ 2011/03/12,31.95,32.60,34.24,29.83
2011/03/13 ~ 2011/03/19,31.93,32.57,34.21,29.83
2011/03/20 ~ 2011/03/26,31.76,32.40,34.05,29.64
2011/03/27 ~ 2011/04/02,31.95,32.60,34.24,29.83
2011/04/03 ~ 2011/04/09,31.88,32.52,34.15,29.83
2011/04/10 ~ 2011/04/16,32.26,32.91,34.53,30.21
2011/04/17 ~ 2011/04/23,32.34,32.98,34.61,30.31
2011/04/24 ~ 2011/04/30,32.19,32.83,34.48,30.20
2011/05/01 ~ 2011/05/07,32.34,32.98,34.62,30.31
2011/05/08 ~ 2011/05/14,31.75,32.39,34.05,29.72
2011/05/15 ~ 2011/05/21,31.36,32.02,33.63,29.32
2011/05/22 ~ 2011/05/28,31.25,31.91,33.53,29.14
2011/05/29 ~ 2011/06/04,31.27,31.92,33.58,29.21
2011/06/05 ~ 2011/06/11,31.35,32.00,33.63,29.32
2011/06/12 ~ 2011/06/18,31.76,32.40,34.05,29.64
2011/06/19 ~ 2011/06/25,31.95,32.60,34.24,29.83
2011/06/26 ~ 2011/07/02,31.88,32.52,34.15,29.83
2011/07/03 ~ 2011/07/09,32.26,32.91,34.53,30.21
2011/07/10 ~ 2011/07/16,32.34,32.98,34.61,30.31
2011/07/17 ~ 2011/07/23,32.19,32.83,34.48,30.20
2011/07/24 ~ 2011/07/30,32.34,32.98,34.62,30.31
2011/07/31 ~ 2011/08/06,31.75,32.39,34.05,29.72
2011/08/07 ~ 2011/08/13,31.36,32.02,33.63,29.32
2011/08/14 ~ 2011/08/20,31.25,31.91,33.53,29.14
2011/08/21 ~ 2011/08/27,31.27,31.92,33.58,29.21
2011/08/28 ~ 2011/09/03,31.35,32.00,33.63,29.32
2011/09/04 ~ 2011/09/10,31.04,31.69,33.27,29.01
2011/09/11 ~ 2011/09/17,31.04,31.69,33.28,29.02
2011/09/18 ~ 2011/09/24,31.07,31.72,33.35,29.01
2011/09/25 ~ 2011/10/01,31.05,31.70,33.32,29.00
2011/10/02 ~ 2011/10/08,30.71,31.37,32.98,28.71
2011/10/09 ~ 2011/10/15,30.45,31.10,32.74,28.43
2011/10/16 ~ 2011/10/22,30.82,31.46,33.08,28.90
2011/10/23 ~ 2011/10/29,30.94,31.59,33.20,29.03
2011/10/30 ~ 2011/11/05,30.94,31.59,33.22,29.01
2011/11/06 ~ 2011/11/12,30.75,31.40,33.01,28.81
2011/11/13 ~ 2011/11/19,31.15,31.80,33.41,29.31
2011/11/20 ~ 2011/11/26,31.04,31.69,33.29,29.19
2011/11/27 ~ 2011/12/03,30.74,31.39,33.04,28.89
2011/12/04 ~ 2011/12/10,30.82,31.47,33.12,28.99
2011/12/11 ~ 2011/12/17,30.76,31.41,33.04,28.92
2011/12/18 ~ 2011/12/24,30.40,31.05,32.67,28.59
2011/12/25 ~ 2011/12/31,30.42,31.07,32.72,28.61
2012/01/01 ~ 2012/01/07,30.43,31.08,32.72,28.58
2012/01/08 ~ 2012/01/14,30.44,31.09,32.71,28.61
2012/01/15 ~ 2012/01/21,30.45,31.10,32.74,28.60
2012/01/22 ~ 2012/01/28,30.47,31.12,32.74,28.62
2012/01/29 ~ 2012/02/04,30.43,31.08,32.72,28.61
2012/02/05 ~ 2012/02/11,30.42,31.07,32.69,28.51
2012/02/12 ~ 2012/02/18,30.86,31.51,33.15,28.92
2012/02/19 ~ 2012/02/25,31.04,31.69,33.32,29.21
2012/02/26 ~ 2012/03/03,31.35,32.00,33.61,29.50
2012/03/04 ~ 2012/03/10,31.46,32.11,33.73,29.62
2012/03/11 ~ 2012/03/17,31.53,32.18,33.81,29.73
2012/03/18 ~ 2012/03/24,31.64,32.29,33.93,29.82
2012/03/25 ~ 2012/03/31,31.58,32.23,33.86,29.73
2012/04/01 ~ 2012/04/07,33.84,35.29,37.42,32.92
2012/04/08 ~ 2012/04/14,33.76,35.22,37.39,32.84
2012/04/15 ~ 2012/04/21,33.45,34.90,37.11,32.53
2012/04/22 ~ 2012/04/28,33.14,34.60,36.77,32.25
2012/04/29 ~ 2012/05/05,33.05,34.51,36.68,32.15
2012/05/06 ~ 2012/05/12,32.94,34.41,36.57,32.06
2012/05/13 ~ 2012/05/19,32.41,33.88,36.07,31.52
2012/05/20 ~ 2012/05/26,32.34,33.81,35.98,31.34
2012/05/27 ~ 2012/06/02,32.06,33.52,35.69,31.04
2012/06/03 ~ 2012/06/09,31.85,33.32,35.49,30.85
2012/06/10 ~ 2012/06/16,31.34,32.80,34.95,30.24
2012/06/17 ~ 2012/06/23,31.23,32.69,34.91,30.14
2012/06/24 ~ 2012/06/30,30.82,32.29,34.49,29.42
2012/07/01 ~ 2012/07/07,30.65,32.12,34.28,29.24
2012/07/08 ~ 2012/07/14,31.65,33.11,35.29,30.32
2012/07/15 ~ 2012/07/21,31.86,33.33,35.51,30.53
2012/07/22 ~ 2012/07/28,32.71,34.18,36.35,31.52
2012/07/29 ~ 2012/08/04,32.64,34.11,36.30,31.43
2012/08/05 ~ 2012/08/11,32.91,34.38,36.55,31.71
2012/08/12 ~ 2012/08/18,33.73,35.20,37.38,32.61
2012/08/19 ~ 2012/08/25,34.32,35.77,37.94,33.21
2012/08/26 ~ 2012/09/01,34.61,36.08,38.27,33.61
2012/09/02 ~ 2012/09/08,34.33,35.79,37.99,33.21
2012/09/09 ~ 2012/09/15,34.52,35.98,38.18,33.42
2012/09/16 ~ 2012/09/22,34.61,36.07,38.27,33.64
2012/09/23 ~ 2012/09/29,33.82,35.27,37.42,32.70
2012/09/30 ~ 2012/10/06,33.50,34.96,37.13,32.41
2012/10/07 ~ 2012/10/13,33.53,34.99,37.18,32.40
2012/10/14 ~ 2012/10/20,33.89,35.35,37.53,32.80
2012/10/21 ~ 2012/10/27,33.83,35.29,37.48,32.70
2012/10/28 ~ 2012/11/03,33.23,34.69,36.87,32.02
2012/11/04 ~ 2012/11/10,33.10,34.56,36.75,31.94
2012/11/11 ~ 2012/11/17,32.80,34.27,36.44,31.62
2012/11/18 ~ 2012/11/24,33.00,34.46,36.62,31.82
2012/11/25 ~ 2012/12/01,33.41,34.87,37.09,32.21
2012/12/02 ~ 2012/12/08,33.28,34.74,36.91,32.11
2012/12/09 ~ 2012/12/15,32.99,34.46,36.64,31.82
2012/12/16 ~ 2012/12/22,32.71,34.18,36.34,31.62
2012/12/23 ~ 2012/12/29,33.02,34.48,36.67,31.82
2012/12/30 ~ 2013/01/05,33.11,34.57,36.77,31.92
2013/01/06 ~ 2013/01/12,33.31,34.76,36.96,32.11
2013/01/13 ~ 2013/01/19,33.31,34.77,36.97,32.13
2013/01/20 ~ 2013/01/26,33.12,34.58,36.78,32.01
2013/01/27 ~ 2013/02/02,33.41,34.87,37.06,32.30
2013/02/03 ~ 2013/02/09,34.03,35.49,37.64,32.93
2013/02/10 ~ 2013/02/16,34.44,35.90,38.09,33.41
2013/02/17 ~ 2013/02/23,34.69,36.16,38.35,33.60
2013/02/24 ~ 2013/03/02,34.32,35.78,37.97,33.31
2013/03/03 ~ 2013/03/09,33.73,35.19,37.36,32.62
2013/03/10 ~ 2013/03/16,33.33,34.79,36.97,32.22
2013/03/17 ~ 2013/03/23,33.19,34.65,36.83,32.11
2013/03/24 ~ 2013/03/30,33.11,34.57,36.77,31.92
2013/03/31 ~ 2013/04/06,33.31,34.76,36.96,32.11
2013/04/07 ~ 2013/04/13,33.31,34.77,36.97,32.13
2013/04/14 ~ 2013/04/20,33.12,34.58,36.78,32.01
2013/04/21 ~ 2013/04/27,33.41,34.87,37.06,32.30
2013/04/28 ~ 2013/05/04,34.03,35.49,37.64,32.93
2013/05/05 ~ 2013/05/11,34.44,35.90,38.09,33.41
2013/05/12 ~ 2013/05/18,34.69,36.16,38.35,33.60
2013/05/19 ~ 2013/05/25,34.32,35.78,37.97,33.31
2013/05/26 ~ 2013/06/01,33.73,35.19,37.36,32.62
2013/06/02 ~ 2013/06/08,33.33,34.79,36.97,32.22
2013/06/09 ~ 2013/06/15,33.19,34.65,36.83,32.11
2013/06/16 ~ 2013/06/22,32.60,34.08,36.27,31.32
2013/06/23 ~ 2013/06/29,32.80,34.26,36.43,31.60
2013/06/30 ~ 2013/07/06,32.32,33.78,35.97,31.11
2013/07/07 ~ 2013/07/13,32.71,34.17,36.35,31.53
2013/07/14 ~ 2013/07/20,33.20,34.66,36.86,32.02
2013/07/21 ~ 2013/07/27,33.32,34.77,36.97,32.23
2013/07/28 ~ 2013/08/03,33.33,34.79,36.98,32.22
2013/08/04 ~ 2013/08/10,33.42,34.88,37.06,32.23
2013/08/11 ~ 2013/08/17,33.32,34.78,36.98,32.12
2013/08/18 ~ 2013/08/24,33.60,35.06,37.24,32.50
2013/08/25 ~ 2013/08/31,33.83,35.29,37.48,32.72
2013/09/01 ~ 2013/09/07,34.49,35.96,38.15,33.42
2013/09/08 ~ 2013/09/14,34.33,35.78,37.99,33.32
2013/09/15 ~ 2013/09/21,34.04,35.50,37.68,33.03
2013/09/22 ~ 2013/09/28,33.69,35.15,37.33,32.61
2013/09/29 ~ 2013/10/05,33.32,34.78,36.98,32.22
2013/10/06 ~ 2013/10/12,33.12,34.58,36.78,32.02
2013/10/13 ~ 2013/10/19,33.38,34.84,37.01,32.20
2013/10/20 ~ 2013/10/26,33.41,34.88,37.06,32.22
2013/10/27 ~ 2013/11/02,33.19,34.67,36.85,32.02
2013/11/03 ~ 2013/11/09,33.23,34.69,36.86,32.02
2013/11/10 ~ 2013/11/16,32.70,34.17,36.32,31.50
2013/11/17 ~ 2013/11/23,33.02,34.49,36.67,31.82
2013/11/24 ~ 2013/11/30,33.31,34.77,36.96,32.14
2013/12/01 ~ 2013/12/07,33.71,35.16,37.35,32.60
2013/12/08 ~ 2013/12/14,33.72,35.17,37.38,32.69
2013/12/15 ~ 2013/12/21,33.42,34.88,37.05,32.31
2013/12/22 ~ 2013/12/28,33.64,35.10,37.30,32.52
2013/12/29 ~ 2014/01/04,34.14,35.60,37.77,33.02
2014/01/05 ~ 2014/01/11,33.70,35.16,37.31,32.61
2014/01/12 ~ 2014/01/18,33.32,34.78,36.97,32.22
2014/01/19 ~ 2014/01/25,33.23,34.68,36.87,32.02
2014/01/26 ~ 2014/02/01,33.54,35.00,37.20,32.42
2014/02/02 ~ 2014/02/08,33.53,34.99,37.18,32.41
2014/02/09 ~ 2014/02/15,33.21,34.67,36.87,32.12
2014/02/16 ~ 2014/02/22,33.62,35.08,37.28,32.52
2014/02/23 ~ 2014/03/01,33.84,35.30,37.48,32.73
2014/03/02 ~ 2014/03/08,33.72,35.18,37.36,32.72
2014/03/09 ~ 2014/03/15,33.73,35.20,37.38,32.53
2014/03/16 ~ 2014/03/22,33.46,34.92,37.11,32.33
2014/03/23 ~ 2014/03/29,33.45,34.91,37.10,32.23
2014/03/30 ~ 2014/04/05,33.55,35.01,37.20,32.42
2014/04/06 ~ 2014/04/12,33.23,34.69,36.89,32.02
2014/04/13 ~ 2014/04/19,33.25,34.71,36.90,32.10
2014/04/20 ~ 2014/04/26,33.62,35.08,37.25,32.50
2014/04/27 ~ 2014/05/03,33.71,35.17,37.37,32.62
2014/05/04 ~ 2014/05/10,33.53,34.99,37.18,32.41
2014/05/11 ~ 2014/05/17,33.32,34.78,36.98,32.21
2014/05/18 ~ 2014/05/24,33.62,35.08,37.25,32.51
2014/05/25 ~ 2014/05/31,33.85,35.31,37.49,32.72
2014/06/01 ~ 2014/06/07,33.76,35.21,37.40,32.62
2014/06/08 ~ 2014/06/14,33.53,34.99,37.16,32.32
2014/06/15 ~ 2014/06/21,33.74,35.20,37.41,32.62
2014/06/22 ~ 2014/06/28,34.34,35.80,37.99,33.33
2014/06/29 ~ 2014/07/05,34.22,35.68,37.86,33.22
2014/07/06 ~ 2014/07/12,33.84,35.30,37.48,32.81
2014/07/13 ~ 2014/07/19,33.43,34.89,37.06,32.32
2014/07/20 ~ 2014/07/26,33.23,34.69,36.87,32.03
2014/07/27 ~ 2014/08/02,33.34,34.80,36.99,32.23
2014/08/03 ~ 2014/08/09,33.24,34.69,36.88,32.13
2014/08/10 ~ 2014/08/16,32.92,34.39,36.58,31.83
2014/08/17 ~ 2014/08/23,32.65,34.11,36.29,31.44
2014/08/24 ~ 2014/08/30,32.34,33.80,36.00,31.14
2014/08/31 ~ 2014/09/06,32.54,34.01,36.17,31.25
2014/09/07 ~ 2014/09/13,32.34,33.80,35.99,31.11
2014/09/14 ~ 2014/09/20,31.83,33.29,35.47,30.50
2014/09/21 ~ 2014/09/27,31.75,33.21,35.40,30.43
2014/09/28 ~ 2014/10/04,31.54,33.01,35.19,30.24
2014/10/05 ~ 2014/10/11,31.33,32.79,34.96,30.03
2014/10/12 ~ 2014/10/18,30.70,32.18,34.33,29.36
2014/10/19 ~ 2014/10/25,29.85,31.32,33.48,28.37
2014/10/26 ~ 2014/11/01,29.66,31.13,33.32,28.14
2014/11/02 ~ 2014/11/08,29.65,31.12,33.29,28.24
2014/11/09 ~ 2014/11/15,29.07,30.54,32.72,27.56
2014/11/16 ~ 2014/11/22,28.55,30.03,32.20,26.95
2014/11/23 ~ 2014/11/29,28.14,29.61,31.80,26.53
2014/11/30 ~ 2014/12/06,27.97,29.43,31.60,26.25
2014/12/07 ~ 2014/12/13,26.75,28.22,30.36,24.95
2014/12/14 ~ 2014/12/20,25.77,27.24,29.40,23.87
2014/12/21 ~ 2014/12/27,24.77,26.24,28.40,22.77
2014/12/28 ~ 2015/01/03,24.89,26.36,28.53,22.87
2015/01/04 ~ 2015/01/10,24.22,25.69,27.80,22.19
2015/01/11 ~ 2015/01/17,23.02,24.50,26.60,20.80
2015/01/18 ~ 2015/01/24,22.00,23.47,25.60,19.70
2015/01/25 ~ 2015/01/31,22.11,23.58,25.69,19.80
2015/02/01 ~ 2015/02/07,22.00,23.49,25.58,19.81
2015/02/08 ~ 2015/02/14,23.91,25.32,27.50,21.73
2015/02/15 ~ 2015/02/21,24.38,25.79,27.98,22.32
2015/02/22 ~ 2015/02/28,25.21,26.61,28.79,23.22
2015/03/01 ~ 2015/03/07,24.87,26.27,28.47,22.88
2015/03/08 ~ 2015/03/14,25.13,26.54,28.71,23.14
2015/03/15 ~ 2015/03/21,24.40,25.85,27.99,22.38
2015/03/22 ~ 2015/03/28,23.63,25.08,27.20,21.53
2015/03/29 ~ 2015/04/04,24.09,25.55,27.70,22.00
2015/04/05 ~ 2015/04/11,24.00,25.45,27.61,21.90
2015/04/12 ~ 2015/04/18,24.29,25.74,27.90,22.17
2015/04/19 ~ 2015/04/25,25.07,26.54,28.69,23.02
2015/04/26 ~ 2015/05/02,25.38,26.85,29.01,23.41
2015/05/03 ~ 2015/05/09,25.57,27.05,29.20,23.62
2015/05/10 ~ 2015/05/16,26.17,27.65,29.81,24.21
2015/05/17 ~ 2015/05/23,25.98,27.44,29.59,24.00
2015/05/24 ~ 2015/05/30,25.76,27.25,29.40,23.82
2015/05/31 ~ 2015/06/06,25.47,26.95,29.11,23.41
2015/06/07 ~ 2015/06/13,25.59,27.06,29.22,23.61
2015/06/14 ~ 2015/06/20,25.79,27.26,29.42,23.92
2015/06/21 ~ 2015/06/27,25.59,27.06,29.20,23.64
2015/06/28 ~ 2015/07/04,25.50,26.97,29.11,23.54
2015/07/05 ~ 2015/07/11,25.40,26.87,29.01,23.43
2015/07/12 ~ 2015/07/18,24.60,26.08,28.22,22.56
2015/07/19 ~ 2015/07/25,24.59,26.07,28.20,22.54
2015/07/26 ~ 2015/08/01,24.39,25.87,28.02,22.25
2015/08/02 ~ 2015/08/08,24.00,25.45,27.61,21.83
2015/08/09 ~ 2015/08/15,23.22,24.67,26.83,21.02
2015/08/16 ~ 2015/08/22,23.31,24.76,26.92,21.11
2015/08/23 ~ 2015/08/29,23.02,24.47,26.63,20.73
2015/08/30 ~ 2015/09/05,22.32,23.78,25.92,19.93
2015/09/06 ~ 2015/09/12,23.33,24.79,26.94,21.14
2015/09/13 ~ 2015/09/19,23.01,24.46,26.62,20.73
2015/09/20 ~ 2015/09/26,22.61,24.07,26.21,20.34
2015/09/27 ~ 2015/10/03,22.70,24.16,26.29,20.44
2015/10/04 ~ 2015/10/10,22.71,24.17,26.31,20.43
2015/10/11 ~ 2015/10/17,23.51,24.97,27.12,21.32
2015/10/18 ~ 2015/10/24,23.10,24.56,26.72,20.92
2015/10/25 ~ 2015/10/31,22.53,23.99,26.13,20.24
2015/11/01 ~ 2015/11/07,22.50,23.96,26.11,20.22
2015/11/08 ~ 2015/11/14,22.70,24.15,26.31,20.42
2015/11/15 ~ 2015/11/21,22.10,23.57,25.71,19.84
2015/11/22 ~ 2015/11/28,21.39,22.85,24.99,19.02
2015/11/29 ~ 2015/12/05,21.62,23.08,25.22,19.35
2015/12/06 ~ 2015/12/12,21.52,22.98,25.12,19.13
2015/12/13 ~ 2015/12/19,20.71,22.17,24.30,18.22
2015/12/20 ~ 2015/12/26,20.02,21.49,23.62,17.45
2015/12/27 ~ 2016/01/02,19.80,21.26,23.40,17.24
2016/01/03 ~ 2016/01/09,19.82,21.28,23.43,17.24
2016/01/10 ~ 2016/01/16,19.41,20.87,23.02,16.85
2016/01/17 ~ 2016/01/23,18.30,19.77,21.91,15.72
2016/01/24 ~ 2016/01/30,18.22,19.69,21.81,15.35
2016/01/31 ~ 2016/02/06,19.24,20.70,22.83,16.36
2016/02/07 ~ 2016/02/13,19.84,21.29,23.43,16.95
2016/02/14 ~ 2016/02/20,18.94,20.40,22.53,16.07
2016/02/21 ~ 2016/02/27,19.83,21.29,23.41,16.94
2016/02/28 ~ 2016/03/05,19.81,21.27,23.42,17.03
2016/03/06 ~ 2016/03/12,20.32,21.79,23.93,17.55
2016/03/13 ~ 2016/03/19,21.23,22.68,24.80,18.43
2016/03/20 ~ 2016/03/26,21.11,22.57,24.71,18.44
2016/03/27 ~ 2016/04/02,21.33,22.79,24.93,18.65
2016/04/03 ~ 2016/04/09,21.03,22.49,24.64,18.22
2016/04/10 ~ 2016/04/16,20.82,22.28,24.42,18.14
2016/04/17 ~ 2016/04/23,21.93,23.39,25.52,19.24
2016/04/24 ~ 2016/04/30,22.04,23.50,25.64,19.35
2016/05/01 ~ 2016/05/07,22.53,23.99,26.14,19.93
2016/05/08 ~ 2016/05/14,22.51,23.97,26.11,19.91
2016/05/15 ~ 2016/05/21,22.80,24.26,26.40,20.23
2016/05/22 ~ 2016/05/28,23.53,24.99,27.13,21.04
2016/05/29 ~ 2016/06/04,23.53,24.98,27.12,20.92
2016/06/05 ~ 2016/06/11,23.51,24.97,27.12,21.01
2016/06/12 ~ 2016/06/18,23.83,25.28,27.43,21.35
2016/06/19 ~ 2016/06/25,23.30,24.75,26.90,20.84
2016/06/26 ~ 2016/07/02,23.52,24.97,27.11,20.92
2016/07/03 ~ 2016/07/09,23.34,24.77,26.92,20.73
2016/07/10 ~ 2016/07/16,23.01,24.47,26.61,20.44
2016/07/17 ~ 2016/07/23,22.61,24.07,26.21,20.03
2016/07/24 ~ 2016/07/30,22.60,24.06,26.19,19.94
2016/07/31 ~ 2016/08/06,22.01,23.47,25.61,19.34
2016/08/07 ~ 2016/08/13,21.72,23.18,25.31,19.07
2016/08/14 ~ 2016/08/20,22.12,23.58,25.72,19.56
2016/08/21 ~ 2016/08/27,23.21,24.67,26.80,20.66
2016/08/28 ~ 2016/09/03,23.34,24.77,26.88,20.74
2016/09/04 ~ 2016/09/10,22.81,24.27,26.40,20.24
2016/09/11 ~ 2016/09/17,22.84,24.30,26.43,20.27
2016/09/18 ~ 2016/09/24,22.63,24.08,26.22,20.05
2016/09/25 ~ 2016/10/01,22.53,23.99,26.12,19.95
2016/10/02 ~ 2016/10/08,22.63,24.09,26.22,20.06
2016/10/09 ~ 2016/10/15,23.72,25.18,27.31,21.25
2016/10/16 ~ 2016/10/22,23.92,25.38,27.52,21.54
2016/10/23 ~ 2016/10/29,23.92,25.38,27.52,21.45
2016/10/30 ~ 2016/11/05,23.73,25.18,27.31,21.24
2016/11/06 ~ 2016/11/12,22.72,24.18,26.32,20.23
2016/11/13 ~ 2016/11/19,22.41,23.87,26.01,19.84
2016/11/20 ~ 2016/11/26,22.55,24.01,26.14,19.96
2016/11/27 ~ 2016/12/03,23.22,24.68,26.82,20.73
2016/12/04 ~ 2016/12/10,23.52,24.98,27.11,21.05
2016/12/11 ~ 2016/12/17,24.51,25.97,28.11,22.03
2016/12/18 ~ 2016/12/24,24.83,26.28,28.41,22.46
2016/12/25 ~ 2016/12/31,24.84,26.29,28.42,22.44
2017/01/01 ~ 2017/01/07,25.23,26.68,28.83,22.84
2017/01/08 ~ 2017/01/14,25.24,26.69,28.83,22.94
2017/01/15 ~ 2017/01/21,24.93,26.39,28.53,22.54
2017/01/22 ~ 2017/01/28,24.82,26.27,28.42,22.44
2017/01/29 ~ 2017/02/04,24.83,26.29,28.42,22.45
2017/02/05 ~ 2017/02/11,24.93,26.38,28.52,22.55
2017/02/12 ~ 2017/02/18,24.83,26.28,28.42,22.45
2017/02/19 ~ 2017/02/25,24.73,26.18,28.32,22.35
2017/02/26 ~ 2017/03/04,24.83,26.29,28.42,22.45
2017/03/05 ~ 2017/03/11,24.83,26.29,28.40,22.46
2017/03/12 ~ 2017/03/18,24.53,25.99,28.12,22.04
2017/03/19 ~ 2017/03/25,23.76,25.20,27.28,21.35
2017/03/26 ~ 2017/04/01,23.55,24.98,27.07,21.05
2017/04/02 ~ 2017/04/08,23.65,25.09,27.17,21.15
2017/04/09 ~ 2017/04/15,24.26,25.69,27.77,21.84
2017/04/16 ~ 2017/04/22,24.66,26.10,28.18,22.24
2017/04/23 ~ 2017/04/29,24.16,25.59,27.68,21.65
2017/04/30 ~ 2017/05/06,23.65,25.09,27.17,21.15
2017/05/07 ~ 2017/05/13,23.36,24.79,26.86,20.75
2017/05/14 ~ 2017/05/20,23.37,24.80,26.88,20.74
2017/05/21 ~ 2017/05/27,23.85,25.29,27.38,21.34
2017/05/28 ~ 2017/06/03,24.05,25.49,27.57,21.55
2017/06/04 ~ 2017/06/10,23.45,24.89,26.97,20.95
2017/06/11 ~ 2017/06/17,22.96,24.39,26.48,20.46
2017/06/18 ~ 2017/06/24,22.76,24.20,26.27,20.15
2017/06/25 ~ 2017/07/01,22.46,23.90,25.97,19.84
2017/07/02 ~ 2017/07/08,22.77,24.20,26.28,20.16
2017/07/09 ~ 2017/07/15,23.15,24.59,26.67,20.65
2017/07/16 ~ 2017/07/22,22.84,24.27,26.35,20.25
2017/07/23 ~ 2017/07/29,23.15,24.59,26.67,20.65
2017/07/30 ~ 2017/08/05,23.35,24.79,26.87,20.85
2017/08/06 ~ 2017/08/12,23.86,25.30,27.37,21.35
2017/08/13 ~ 2017/08/19,23.86,25.29,27.38,21.36
2017/08/20 ~ 2017/08/26,23.55,24.99,27.07,21.06
2017/08/27 ~ 2017/09/02,23.76,25.20,27.28,21.26
2017/09/03 ~ 2017/09/09,23.86,25.29,27.38,21.35
2017/09/10 ~ 2017/09/16,24.27,25.70,27.78,21.86
2017/09/17 ~ 2017/09/23,24.46,25.89,27.98,22.04
2017/09/24 ~ 2017/09/30,24.75,26.18,28.27,22.46
2017/10/01 ~ 2017/10/07,25.16,26.59,28.69,22.85
2017/10/08 ~ 2017/10/14,24.86,26.30,28.38,22.55
2017/10/15 ~ 2017/10/21,24.86,26.30,28.38,22.45
2017/10/22 ~ 2017/10/28,25.05,26.49,28.57,22.74
2017/10/29 ~ 2017/11/04,25.25,26.68,28.77,22.86
2017/11/05 ~ 2017/11/11,25.76,27.19,29.27,23.44
2017/11/12 ~ 2017/11/18,26.36,27.80,29.88,24.15
2017/11/19 ~ 2017/11/25,26.06,27.49,29.58,23.75
2017/11/26 ~ 2017/12/02,26.16,27.59,29.68,23.84
2017/12/03 ~ 2017/12/09,26.16,27.59,29.67,23.94
2017/12/10 ~ 2017/12/16,26.06,27.48,29.57,23.73
2017/12/17 ~ 2017/12/23,26.26,27.69,29.77,23.95
2017/12/24 ~ 2017/12/30,26.34,27.78,29.86,24.04
2017/12/31 ~ 2018/01/06,26.65,28.08,30.18,24.43
2018/01/07 ~ 2018/01/13,26.85,28.28,30.37,24.65
2018/01/14 ~ 2018/01/20,27.04,28.47,30.56,24.93
2018/01/21 ~ 2018/01/27,27.14,28.58,30.67,24.94
2018/01/28 ~ 2018/02/03,27.15,28.58,30.67,24.96
2018/02/04 ~ 2018/02/10,26.95,28.39,30.47,24.77
2018/02/11 ~ 2018/02/17,26.35,27.79,29.87,24.14
2018/02/18 ~ 2018/02/24,25.75,27.19,29.27,23.45
2018/02/25 ~ 2018/03/03,26.15,27.59,29.68,23.84
2018/03/04 ~ 2018/03/10,26.26,27.69,29.78,23.94
2018/03/11 ~ 2018/03/17,26.05,27.48,29.58,23.74
2018/03/18 ~ 2018/03/24,25.94,27.37,29.46,23.64
2018/03/25 ~ 2018/03/31,26.53,27.97,30.06,24.23
2018/04/01 ~ 2018/04/07,26.75,28.18,30.28,24.54
2018/04/08 ~ 2018/04/14,26.65,28.09,30.18,24.43
2018/04/15 ~ 2018/04/21,27.25,28.68,30.78,25.03
2018/04/22 ~ 2018/04/28,27.76,29.19,31.28,25.54
2018/04/29 ~ 2018/05/05,28.15,29.58,31.68,25.96
2018/05/06 ~ 2018/05/12,28.06,29.49,31.58,25.96
2018/05/13 ~ 2018/05/19,28.64,30.07,32.16,26.55
2018/05/20 ~ 2018/05/26,28.95,30.37,32.48,26.95
2018/05/27 ~ 2018/06/02,29.13,30.56,32.65,27.15
2018/06/03 ~ 2018/06/09,28.74,30.17,32.28,26.75
2018/06/10 ~ 2018/06/16,28.55,29.97,32.06,26.55
2018/06/17 ~ 2018/06/23,28.65,30.08,32.17,26.65
2018/06/24 ~ 2018/06/30,28.41,29.84,31.94,26.43
2018/07/01 ~ 2018/07/07,28.82,30.26,32.36,26.85
2018/07/08 ~ 2018/07/14,29.05,30.48,32.58,27.15
2018/07/15 ~ 2018/07/21,28.84,30.27,32.36,26.85
2018/07/22 ~ 2018/07/28,28.44,29.87,31.97,26.35
2018/07/29 ~ 2018/08/04,28.74,30.17,32.26,26.75
2018/08/05 ~ 2018/08/11,28.75,30.18,32.27,26.66
2018/08/12 ~ 2018/08/18,28.55,29.98,32.08,26.56
2018/08/19 ~ 2018/08/25,28.45,29.88,31.97,26.35
2018/08/26 ~ 2018/09/01,28.75,30.18,32.27,26.65
2018/09/02 ~ 2018/09/08,29.15,30.57,32.67,27.15
2018/09/09 ~ 2018/09/15,29.24,30.67,32.76,27.35
2018/09/16 ~ 2018/09/22,29.45,30.87,32.97,27.55
2018/09/23 ~ 2018/09/29,29.45,30.87,32.97,27.55
2018/09/30 ~ 2018/10/06,29.94,31.36,33.47,28.05
2018/10/07 ~ 2018/10/13,29.95,31.38,33.47,28.06
2018/10/14 ~ 2018/10/20,29.93,31.35,33.45,28.05
2018/10/21 ~ 2018/10/27,29.85,31.27,33.37,27.96
2018/10/28 ~ 2018/11/03,29.45,30.88,32.98,27.56
2018/11/04 ~ 2018/11/10,29.14,30.56,32.66,27.15
2018/11/11 ~ 2018/11/17,28.45,29.88,31.98,26.35
2018/11/18 ~ 2018/11/24,27.75,29.18,31.27,25.56
2018/11/25 ~ 2018/12/01,26.85,28.27,30.37,24.76
2018/12/02 ~ 2018/12/08,26.15,27.58,29.67,23.86
2018/12/09 ~ 2018/12/15,26.34,27.77,29.86,24.05
2018/12/16 ~ 2018/12/22,26.25,27.68,29.77,23.96
2018/12/23 ~ 2018/12/29,25.35,26.78,28.88,23.09
2018/12/30 ~ 2019/01/05,24.43,25.87,27.96,22.08
2019/01/06 ~ 2019/01/12,24.95,26.38,28.47,22.59
2019/01/13 ~ 2019/01/19,26.06,27.49,29.58,23.80
2019/01/20 ~ 2019/01/26,26.35,27.79,29.88,24.09
2019/01/27 ~ 2019/02/02,26.35,27.78,29.88,24.08
2019/02/03 ~ 2019/02/09,26.36,27.79,29.88,24.09
2019/02/10 ~ 2019/02/16,26.35,27.79,29.87,24.59
2019/02/17 ~ 2019/02/23,26.25,27.68,29.77,24.99
2019/02/24 ~ 2019/03/02,26.25,27.68,29.78,25.38
2019/03/03 ~ 2019/03/09,26.46,27.89,29.98,25.39
2019/03/10 ~ 2019/03/16,26.45,27.88,29.98,25.37
2019/03/17 ~ 2019/03/23,26.75,28.19,30.27,25.79
2019/03/24 ~ 2019/03/30,27.26,28.69,30.78,25.89
2019/03/31 ~ 2019/04/06,27.45,28.88,30.97,25.79
2019/04/07 ~ 2019/04/13,27.66,29.09,31.18,26.18
2019/04/14 ~ 2019/04/20,27.86,29.29,31.37,26.58
2019/04/21 ~ 2019/04/27,28.45,29.88,31.97,26.68
2019/04/28 ~ 2019/05/04,28.55,29.98,32.07,27.18
2019/05/05 ~ 2019/05/11,28.74,30.18,32.27,26.68
2019/05/12 ~ 2019/05/18,28.56,29.99,32.08,26.48
2019/05/19 ~ 2019/05/25,28.84,30.27,32.36,26.88
2019/05/26 ~ 2019/06/01,28.75,30.18,32.27,26.68
2019/06/02 ~ 2019/06/08,28.24,29.67,31.77,26.18
2019/06/09 ~ 2019/06/15,26.85,28.29,30.37,24.69
2019/06/16 ~ 2019/06/22,26.96,28.39,30.47,24.79
2019/06/23 ~ 2019/06/29,27.15,28.58,30.68,24.98
2019/06/30 ~ 2019/07/06,27.55,28.99,31.08,25.39
2019/07/07 ~ 2019/07/13,27.16,28.59,30.68,24.99
2019/07/14 ~ 2019/07/20,27.54,28.96,31.08,25.48
2019/07/21 ~ 2019/07/27,27.25,28.69,30.77,25.10
2019/07/28 ~ 2019/08/03,27.13,28.57,30.66,24.98
2019/08/04 ~ 2019/08/10,27.16,28.59,30.67,24.99
2019/08/11 ~ 2019/08/17,26.23,27.67,29.75,23.99
2019/08/18 ~ 2019/08/24,26.25,27.69,29.76,24.09
2019/08/25 ~ 2019/08/31,26.52,27.93,30.07,24.24
2019/09/01 ~ 2019/09/07,26.45,27.89,29.98,24.19
2019/09/08 ~ 2019/09/14,26.25,27.69,29.78,24.09
2019/09/15 ~ 2019/09/21,26.75,28.18,30.27,24.49
2019/09/22 ~ 2019/09/28,27.26,28.69,30.77,25.39
2019/09/29 ~ 2019/10/05,27.04,28.46,30.57,24.88
2019/10/06 ~ 2019/10/12,26.25,27.68,29.77,23.99
2019/10/13 ~ 2019/10/19,26.14,27.56,29.66,23.88
2019/10/20 ~ 2019/10/26,26.25,27.68,29.77,23.99
2019/10/27 ~ 2019/11/02,26.34,27.77,29.87,24.08
2019/11/03 ~ 2019/11/09,26.34,27.77,29.85,24.08
2019/11/10 ~ 2019/11/16,26.55,27.97,30.07,24.28
2019/11/17 ~ 2019/11/23,26.75,28.18,30.27,24.49
2019/11/24 ~ 2019/11/30,26.86,28.28,30.38,24.58
2019/12/01 ~ 2019/12/07,27.06,28.48,30.58,24.89
2019/12/08 ~ 2019/12/14,26.85,28.27,30.37,24.68
2019/12/15 ~ 2019/12/21,27.25,28.67,30.76,25.08
2019/12/22 ~ 2019/12/28,27.55,28.97,31.07,25.48
2019/12/29 ~ 2020/01/04,27.65,29.08,31.18,25.58
2020/01/05 ~ 2020/01/11,27.66,29.08,31.17,25.49
2020/01/12 ~ 2020/01/18,27.76,29.18,31.27,25.58
2020/01/19 ~ 2020/01/25,27.06,28.48,30.57,24.89
2020/01/26 ~ 2020/02/01,26.76,28.19,30.28,24.59
2020/02/02 ~ 2020/02/08,25.86,27.28,29.37,23.60
2020/02/09 ~ 2020/02/15,24.86,26.29,28.38,22.60
2020/02/16 ~ 2020/02/22,24.85,26.28,28.37,22.49
2020/02/23 ~ 2020/02/29,25.46,26.89,28.97,23.19
2020/03/01 ~ 2020/03/07,24.64,26.08,28.13,22.29
2020/03/08 ~ 2020/03/14,24.06,25.49,27.57,21.60
2020/03/15 ~ 2020/03/21,20.26,21.70,23.78,17.60
2020/03/22 ~ 2020/03/28,18.97,20.40,22.49,16.11
2020/03/29 ~ 2020/04/04,18.16,19.61,21.68,15.32
2020/04/05 ~ 2020/04/11,17.27,18.71,20.78,14.31
2020/04/12 ~ 2020/04/18,17.85,19.30,21.37,14.91
2020/04/19 ~ 2020/04/25,16.97,18.41,20.48,13.91
2020/04/26 ~ 2020/05/02,16.07,17.52,19.58,12.92
2020/05/03 ~ 2020/05/09,16.16,17.60,19.67,13.12
2020/05/10 ~ 2020/05/16,18.15,19.60,21.67,15.31
2020/05/17 ~ 2020/05/23,19.06,20.50,22.56,16.21
2020/05/24 ~ 2020/05/30,19.56,21.00,23.07,17.01
2020/05/31 ~ 2020/06/06,19.86,21.30,23.38,17.31
2020/06/07 ~ 2020/06/13,20.55,21.98,24.06,17.90
2020/06/14 ~ 2020/06/20,21.33,22.77,24.84,18.69
2020/06/21 ~ 2020/06/27,21.65,23.09,25.16,19.00
2020/06/28 ~ 2020/07/04,21.94,23.38,25.46,19.29
2020/07/05 ~ 2020/07/11,22.16,23.60,25.68,19.50
2020/07/12 ~ 2020/07/18,22.26,23.70,25.78,19.50
2020/07/19 ~ 2020/07/25,22.16,23.60,25.68,19.50
2020/07/26 ~ 2020/08/01,22.25,23.69,25.78,19.50
2020/08/02 ~ 2020/08/08,22.35,23.79,25.87,19.60
2020/08/09 ~ 2020/08/15,22.36,23.79,25.87,19.70
2020/08/16 ~ 2020/08/22,22.47,23.90,25.98,19.71
2020/08/23 ~ 2020/08/29,22.45,23.89,25.97,19.71
2020/08/30 ~ 2020/09/05,22.46,23.90,25.98,19.70
2020/09/06 ~ 2020/09/12,22.46,23.90,25.98,19.70
2020/09/13 ~ 2020/09/19,21.96,23.39,25.48,19.40
2020/09/20 ~ 2020/09/26,22.16,23.60,25.68,19.51
2020/09/27 ~ 2020/10/03,22.16,23.60,25.68,19.40
2020/10/04 ~ 2020/10/10,21.97,23.41,25.48,19.20
2020/10/11 ~ 2020/10/17,21.96,23.39,25.47,19.11
2020/10/18 ~ 2020/10/24,21.96,23.40,25.47,19.21
2020/10/25 ~ 2020/10/31,21.96,23.39,25.47,19.19
2020/11/01 ~ 2020/11/07,21.46,22.90,24.98,18.80
2020/11/08 ~ 2020/11/14,21.56,22.99,25.07,18.91
2020/11/15 ~ 2020/11/21,21.86,23.29,25.37,19.10
2020/11/22 ~ 2020/11/28,21.86,23.29,25.38,19.10
2020/11/29 ~ 2020/12/05,22.07,23.50,25.58,19.30
2020/12/06 ~ 2020/12/12,22.36,23.80,25.88,19.60
2020/12/13 ~ 2020/12/19,22.76,24.19,26.28,20.10
2020/12/20 ~ 2020/12/26,23.27,24.70,26.78,20.60
2020/12/27 ~ 2021/01/02,23.96,25.39,27.47,21.20
2021/01/03 ~ 2021/01/09,24.17,25.60,27.68,21.70
2021/01/10 ~ 2021/01/16,24.66,26.09,28.18,22.19
2021/01/17 ~ 2021/01/23,24.97,26.39,28.49,22.30
2021/01/24 ~ 2021/01/30,25.05,26.48,28.56,22.29
2021/01/31 ~ 2021/02/06,24.96,26.38,28.47,22.19
2021/02/07 ~ 2021/02/13,24.96,26.38,28.48,22.19
2021/02/14 ~ 2021/02/20,24.96,26.39,28.48,22.19
2021/02/21 ~ 2021/02/27,25.46,26.89,28.98,22.69
2021/02/28 ~ 2021/03/06,25.56,26.98,29.08,22.79
2021/03/07 ~ 2021/03/13,25.67,27.09,29.19,22.89
2021/03/14 ~ 2021/03/20,25.96,27.39,29.47,23.09
2021/03/21 ~ 2021/03/27,26.46,27.88,29.98,23.69
2021/03/28 ~ 2021/04/03,26.76,28.18,30.27,23.88
2021/04/04 ~ 2021/04/10,26.75,28.18,30.27,23.98
2021/04/11 ~ 2021/04/17,26.46,27.89,29.98,24.08
2021/04/18 ~ 2021/04/24,26.85,28.27,30.37,24.08
2021/04/25 ~ 2021/05/01,26.75,28.18,30.27,23.88
2021/05/02 ~ 2021/05/08,26.75,28.18,30.27,23.89
2021/05/09 ~ 2021/05/15,26.56,27.99,30.07,23.69
2021/05/16 ~ 2021/05/22,26.65,28.08,30.17,23.79
2021/05/23 ~ 2021/05/29,26.76,28.18,30.28,23.79
2021/05/30 ~ 2021/06/05,26.96,28.39,30.48,24.09
2021/06/06 ~ 2021/06/12,27.15,28.58,30.66,24.28
2021/06/13 ~ 2021/06/19,27.46,28.88,30.98,24.58
2021/06/20 ~ 2021/06/26,27.55,28.98,31.07,24.68
2021/06/27 ~ 2021/07/03,27.85,29.27,31.37,24.98
2021/07/04 ~ 2021/07/10,28.16,29.58,31.68,25.28
2021/07/11 ~ 2021/07/17,28.45,29.88,31.98,25.48
2021/07/18 ~ 2021/07/24,28.56,29.98,32.07,25.59
2021/07/25 ~ 2021/07/31,28.35,29.77,31.86,25.69
2021/08/01 ~ 2021/08/07,28.66,30.08,32.17,25.68
2021/08/08 ~ 2021/08/14,28.26,29.68,31.77,25.88
2021/08/15 ~ 2021/08/21,27.95,29.37,31.47,25.68
2021/08/22 ~ 2021/08/28,27.56,28.98,31.07,25.38
2021/08/29 ~ 2021/09/04,27.95,29.38,31.47,25.48
2021/09/05 ~ 2021/09/11,28.16,29.58,31.68,25.38
2021/09/12 ~ 2021/09/18,28.04,29.46,31.56,25.28
2021/09/19 ~ 2021/09/25,28.14,29.56,31.66,25.18
2021/09/26 ~ 2021/10/02,28.15,29.57,31.67,25.18
2021/10/03 ~ 2021/10/09,28.25,29.68,31.76,25.28
2021/10/10 ~ 2021/10/16,28.66,30.08,32.18,25.58
2021/10/17 ~ 2021/10/23,29.46,30.88,32.98,26.48
2021/10/24 ~ 2021/10/30,30.06,31.48,33.58,27.18
2021/10/31 ~ 2021/11/06,30.16,31.57,33.68,27.87
2021/11/07 ~ 2021/11/13,29.96,31.37,33.47,27.98
2021/11/14 ~ 2021/11/20,30.05,31.46,33.57,28.07
2021/11/21 ~ 2021/11/27,29.75,31.17,33.27,27.87
2021/11/28 ~ 2021/12/04,28.46,29.89,31.98,26.48
2021/12/05 ~ 2021/12/11,27.26,28.68,30.77,25.18
2021/12/12 ~ 2021/12/18,27.56,28.98,31.08,25.48
2021/12/19 ~ 2021/12/25,27.64,29.06,31.15,25.58
2021/12/26 ~ 2022/01/01,27.45,28.88,30.97,25.39
2022/01/02 ~ 2022/01/08,28.32,29.74,31.87,26.24
2022/01/09 ~ 2022/01/15,28.51,29.93,32.06,26.14
2022/01/16 ~ 2022/01/22,29.11,30.53,32.66,26.15
2022/01/23 ~ 2022/01/29,29.71,31.13,33.27,26.34
2022/01/30 ~ 2022/02/05,29.72,31.13,33.27,26.35
2022/02/06 ~ 2022/02/12,28.61,30.04,32.17,25.85
2022/02/13 ~ 2022/02/19,29.81,31.22,33.36,27.34
2022/02/20 ~ 2022/02/26,30.09,31.51,33.64,27.93
2022/02/27 ~ 2022/03/05,30.61,32.03,34.17,28.33
2022/03/06 ~ 2022/03/12,31.21,32.62,34.78,28.93
2022/03/13 ~ 2022/03/19,31.50,32.91,35.05,29.22
2022/03/20 ~ 2022/03/26,31.42,32.83,34.98,29.23
2022/03/27 ~ 2022/04/02,31.11,32.52,34.68,28.93
2022/04/03 ~ 2022/04/09,30.90,32.32,34.47,28.63
2022/04/10 ~ 2022/04/16,30.91,32.33,34.48,28.73
2022/04/17 ~ 2022/04/23,30.70,32.12,34.27,28.43
2022/04/24 ~ 2022/04/30,30.41,31.85,33.98,28.14
2022/05/01 ~ 2022/05/07,30.32,31.75,33.88,28.04
2022/05/08 ~ 2022/05/14,30.22,31.65,33.78,27.94
2022/05/15 ~ 2022/05/21,30.11,31.54,33.67,27.84
2022/05/22 ~ 2022/05/28,30.10,31.54,33.66,27.84
2022/05/29 ~ 2022/06/04,30.02,31.45,33.58,27.74
2022/06/05 ~ 2022/06/11,29.41,30.85,32.97,27.14
2022/06/12 ~ 2022/06/18,29.42,30.85,32.98,27.13
2022/06/19 ~ 2022/06/25,29.51,30.95,33.07,27.24
2022/06/26 ~ 2022/07/02,29.91,31.35,33.47,27.54
2022/07/03 ~ 2022/07/09,29.90,31.34,33.46,27.64
2022/07/10 ~ 2022/07/16,29.71,31.15,33.28,27.44
2022/07/17 ~ 2022/07/23,29.41,30.85,32.97,27.04
2022/07/24 ~ 2022/07/30,29.21,30.64,32.76,26.93
2022/07/31 ~ 2022/08/06,29.41,30.84,32.97,27.13
2022/08/07 ~ 2022/08/13,29.71,31.14,33.27,27.44
2022/08/14 ~ 2022/08/20,29.52,30.95,33.08,27.24
2022/08/21 ~ 2022/08/27,29.40,30.84,32.96,27.24
2022/08/28 ~ 2022/09/03,29.12,30.55,32.68,26.84
2022/09/04 ~ 2022/09/10,29.00,30.43,32.57,26.63
2022/09/11 ~ 2022/09/17,28.91,30.35,32.47,26.64
2022/09/18 ~ 2022/09/24,29.12,30.55,32.68,26.74
2022/09/25 ~ 2022/10/01,29.09,30.53,32.65,26.73
2022/10/02 ~ 2022/10/08,29.21,30.64,32.77,26.94
2022/10/09 ~ 2022/10/15,29.09,30.53,32.66,26.73
2022/10/16 ~ 2022/10/22,28.81,30.25,32.37,26.54
2022/10/23 ~ 2022/10/29,28.72,30.16,32.27,26.44
2022/10/30 ~ 2022/11/05,29.05,30.50,32.57,26.78
2022/11/06 ~ 2022/11/12,29.08,30.54,32.57,26.70
2022/11/13 ~ 2022/11/19,28.97,30.47,32.48,26.74
2022/11/20 ~ 2022/11/26,29.18,30.68,32.67,26.94
2022/11/27 ~ 2022/12/03,29.08,30.57,32.57,26.83
2022/12/04 ~ 2022/12/10,29.26,30.76,32.76,27.03
2022/12/11 ~ 2022/12/17,28.88,30.37,32.38,27.23
2022/12/18 ~ 2022/12/24,28.97,30.46,32.46,27.23
2022/12/25 ~ 2022/12/31,29.07,30.57,32.57,27.83
2023/01/01 ~ 2023/01/07,29.48,30.97,32.98,27.73
2023/01/08 ~ 2023/01/14,29.08,30.57,32.58,27.74
2023/01/15 ~ 2023/01/21,29.07,30.56,32.56,27.73
2023/01/22 ~ 2023/01/28,29.06,30.56,32.58,27.72
2023/01/29 ~ 2023/02/04,29.57,31.07,33.08,28.13
2023/02/05 ~ 2023/02/11,29.48,30.97,32.97,27.83
2023/02/12 ~ 2023/02/18,29.18,30.67,32.67,27.43
2023/02/19 ~ 2023/02/25,29.07,30.57,32.56,27.33
2023/02/26 ~ 2023/03/04,28.97,30.47,32.48,27.23
2023/03/05 ~ 2023/03/11,28.87,30.37,32.38,27.03
2023/03/12 ~ 2023/03/18,29.17,30.66,32.67,27.03
2023/03/19 ~ 2023/03/25,28.87,30.37,32.37,27.53
2023/03/26 ~ 2023/04/01,28.38,29.88,31.87,27.03
2023/04/02 ~ 2023/04/08,28.87,30.36,32.35,27.63
2023/04/09 ~ 2023/04/15,29.47,30.96,32.97,27.73
2023/04/16 ~ 2023/04/22,29.77,31.26,33.27,27.53
2023/04/23 ~ 2023/04/29,29.56,31.05,33.06,27.31
2023/04/30 ~ 2023/05/06,29.57,31.07,33.06,27.43
2023/05/07 ~ 2023/05/13,28.57,30.06,32.06,27.23
2023/05/14 ~ 2023/05/20,28.77,30.27,32.27,27.54
2023/05/21 ~ 2023/05/27,28.57,30.06,32.06,27.33
2023/05/28 ~ 2023/06/03,28.87,30.36,32.34,27.03
2023/06/04 ~ 2023/06/10,28.47,29.96,31.98,26.93
2023/06/11 ~ 2023/06/17,28.77,30.26,32.26,26.93
2023/06/18 ~ 2023/06/24,28.47,29.96,31.97,27.13
2023/06/25 ~ 2023/07/01,28.88,30.37,32.37,26.84
2023/07/02 ~ 2023/07/08,28.77,30.27,32.26,27.04
2023/07/09 ~ 2023/07/15,29.07,30.56,32.57,27.23
2023/07/16 ~ 2023/07/22,29.46,30.95,32.95,27.62
2023/07/23 ~ 2023/07/29,29.78,31.27,33.27,28.04
2023/07/30 ~ 2023/08/05,30.26,31.76,33.76,27.93
2023/08/06 ~ 2023/08/12,30.46,31.95,33.95,28.13
2023/08/13 ~ 2023/08/19,31.06,32.55,34.56,28.63
2023/08/20 ~ 2023/08/26,31.17,32.67,34.67,28.73
2023/08/27 ~ 2023/09/02,31.05,32.54,34.54,29.13
2023/09/03 ~ 2023/09/09,31.16,32.65,34.65,29.23
2023/09/10 ~ 2023/09/16,31.57,33.07,35.06,29.03
2023/09/17 ~ 2023/09/23,31.37,32.86,34.87,28.93
2023/09/24 ~ 2023/09/30,31.07,32.56,34.56,28.53
2023/10/01 ~ 2023/10/07,30.78,32.27,34.28,28.33
2023/10/08 ~ 2023/10/14,30.66,32.16,34.17,28.22
2023/10/15 ~ 2023/10/21,30.17,31.66,33.67,27.74
2023/10/22 ~ 2023/10/28,29.88,31.37,33.37,27.44
2023/10/29 ~ 2023/11/04,29.67,31.16,33.16,27.23
2023/11/05 ~ 2023/11/11,29.67,31.16,33.17,27.13
2023/11/12 ~ 2023/11/18,29.58,31.07,33.07,27.04
2023/11/19 ~ 2023/11/25,29.47,30.97,32.97,27.03
2023/11/26 ~ 2023/12/02,29.48,30.97,32.98,27.03
2023/12/03 ~ 2023/12/09,29.47,30.96,32.97,26.93
2023/12/10 ~ 2023/12/16,29.47,30.96,32.96,27.53
2023/12/17 ~ 2023/12/23,29.17,30.66,32.66,27.83
2023/12/24 ~ 2023/12/30,29.58,31.08,33.08,27.94
2023/12/31 ~ 2024/01/06,29.48,30.97,32.98,27.84
2024/01/07 ~ 2024/01/13,29.17,30.67,32.67,27.73
2024/01/14 ~ 2024/01/20,28.97,30.46,32.47,27.73
2024/01/21 ~ 2024/01/27,28.87,30.37,32.38,27.63
2024/01/28 ~ 2024/02/03,28.98,30.47,32.48,27.43
2024/02/04 ~ 2024/02/10,28.97,30.47,32.48,27.33
2024/02/11 ~ 2024/02/17,28.97,30.46,32.47,26.92
2024/02/18 ~ 2024/02/24,29.37,30.86,32.87,26.83
2024/02/25 ~ 2024/03/02,29.37,30.86,32.86,26.83
2024/03/03 ~ 2024/03/09,29.47,30.97,32.98,27.03
2024/03/10 ~ 2024/03/16,29.47,30.96,32.96,27.02
2024/03/17 ~ 2024/03/23,29.66,31.16,33.16,27.13
2024/03/24 ~ 2024/03/30,29.47,30.97,32.98,26.94
2024/03/31 ~ 2024/04/06,29.47,30.97,32.97,26.92
2024/04/07 ~ 2024/04/13,29.57,31.06,33.06,27.03
2024/04/14 ~ 2024/04/20,29.57,31.07,33.07,27.04
2024/04/21 ~ 2024/04/27,29.48,30.97,32.97,26.94
2024/04/28 ~ 2024/05/04,29.48,30.97,32.97,26.94
2024/05/05 ~ 2024/05/11,29.36,30.85,32.85,26.83
2024/05/12 ~ 2024/05/18,29.37,30.86,32.87,26.93
2024/05/19 ~ 2024/05/25,29.17,30.66,32.67,26.73
2024/05/26 ~ 2024/06/01,29.16,30.66,32.65,26.63
2024/06/02 ~ 2024/06/08,29.17,30.66,32.67,26.63
2024/06/09 ~ 2024/06/15,29.27,30.77,32.76,26.74
2024/06/16 ~ 2024/06/22,29.17,30.66,32.67,26.63
2024/06/23 ~ 2024/06/29,29.07,30.56,32.56,26.53
2024/06/30 ~ 2024/07/06,28.88,30.37,32.38,26.33
2024/07/07 ~ 2024/07/13,28.98,30.47,32.47,26.43
2024/07/14 ~ 2024/07/20,29.15,30.65,32.65,26.52
2024/07/21 ~ 2024/07/27,29.48,30.98,32.98,26.93
2024/07/28 ~ 2024/08/03,29.78,31.27,33.28,27.23
2024/08/04 ~ 2024/08/10,29.98,31.47,33.47,27.54
2024/08/11 ~ 2024/08/17,29.87,31.37,33.38,28.23
2024/08/18 ~ 2024/08/24,30.07,31.56,33.56,27.63
2024/08/25 ~ 2024/08/31,29.87,31.37,33.37,27.73
2024/09/01 ~ 2024/09/07,30.07,31.57,33.57,27.83
2024/09/08 ~ 2024/09/14,29.47,30.97,32.97,28.13
2024/09/15 ~ 2024/09/21,28.97,30.47,32.47,27.53
2024/09/22 ~ 2024/09/28,29.28,30.77,32.78,27.93
2024/09/29 ~ 2024/10/05,29.06,30.56,32.56,27.63
2024/10/06 ~ 2024/10/12,28.98,30.47,32.47,27.43
2024/10/13 ~ 2024/10/19,28.88,30.37,32.38,27.33
2024/10/20 ~ 2024/10/26,28.78,30.27,32.28,27.24
2024/10/27 ~ 2024/11/02,28.58,30.08,32.08,26.94
2024/11/03 ~ 2024/11/09,28.78,30.28,32.28,27.13
2024/11/10 ~ 2024/11/16,28.37,29.86,31.86,26.74
2024/11/17 ~ 2024/11/23,28.58,30.07,32.07,27.03
2024/11/24 ~ 2024/11/30,28.58,30.08,32.08,27.14
2024/12/01 ~ 2024/12/07,28.68,30.18,32.18,27.34
2024/12/08 ~ 2024/12/14,28.58,30.08,32.07,27.24
2024/12/15 ~ 2024/12/21,28.47,29.97,31.97,27.13
2024/12/22 ~ 2024/12/28,28.58,30.07,32.07,27.23
2024/12/29 ~ 2025/01/04,28.58,30.07,32.08,27.23
2025/01/05 ~ 2025/01/11,28.68,30.17,32.17,27.33
2025/01/12 ~ 2025/01/18,29.18,30.68,32.68,27.94
2025/01/19 ~ 2025/01/25,29.57,31.07,33.07,28.13
2025/01/26 ~ 2025/02/01,29.57,31.07,33.06,28.13
2025/02/02 ~ 2025/02/08,29.55,31.05,33.05,28.12
2025/02/09 ~ 2025/02/15,29.78,31.27,33.27,28.83
2025/02/16 ~ 2025/02/22,29.77,31.26,33.26,28.93
2025/02/23 ~ 2025/03/01,29.78,31.27,33.28,28.93
2025/03/02 ~ 2025/03/08,29.67,31.16,33.17,28.83
2025/03/09 ~ 2025/03/15,29.17,30.66,32.67,27.84
2025/03/16 ~ 2025/03/22,29.18,30.67,32.68,27.83
2025/03/23 ~ 2025/03/29,28.87,30.36,32.37,27.93
2025/03/30 ~ 2025/04/05,28.68,30.17,32.18,27.83
2025/04/06 ~ 2025/04/12,28.78,30.28,32.28,27.84
2025/04/13 ~ 2025/04/19,27.88,29.38,31.38,26.43
2025/04/20 ~ 2025/04/26,28.28,29.77,31.78,26.83
2025/04/27 ~ 2025/05/03,28.28,29.77,31.78,27.03
2025/05/04 ~ 2025/05/10,27.18,28.68,30.68,25.64
2025/05/11 ~ 2025/05/17,26.07,27.57,29.57,24.44
2025/05/18 ~ 2025/05/24,26.38,27.87,29.88,25.14
2025/05/25 ~ 2025/05/31,26.59,28.08,30.08,24.94
2025/06/01 ~ 2025/06/07,26.37,27.86,29.86,24.73
2025/06/08 ~ 2025/06/14,26.58,28.07,30.07,25.03
2025/06/15 ~ 2025/06/21,26.56,28.05,30.06,25.32
2025/06/22 ~ 2025/06/28,26.66,28.15,30.16,25.42
2025/06/29 ~ 2025/07/05,27.08,28.57,30.58,25.83
